game_id,cluster
10,12
20,12
30,5
40,12
50,12
60,12
70,12
80,12
130,12
220,12
240,5
280,12
300,5
320,12
340,12
360,12
380,12
400,10
420,12
440,1
500,12
550,11
570,1
620,12
730,1
1200,5
1250,11
1280,5
1510,0
1520,5
1630,3
1640,3
1700,13
1930,13
2100,13
2200,12
2210,12
2270,12
2280,12
2290,12
2300,12
2310,12
2320,12
2400,12
2450,12
2500,8
2590,12
2600,13
2610,13
2620,5
2630,5
2640,5
2700,2
2820,2
2870,2
2990,4
3020,12
3320,8
3330,8
3480,8
3590,8
3700,12
3710,12
3720,2
3730,12
3830,7
3900,5
3910,5
3920,13
4000,1
4500,12
4560,5
4570,5
4580,5
4700,5
4720,11
4760,5
4780,5
4850,5
4920,12
6000,12
6010,10
6020,13
6030,12
6040,10
6060,12
6120,7
6200,8
6220,4
6250,5
6300,13
6310,10
6420,5
6510,13
6550,13
6800,5
6830,5
6840,5
6850,12
6860,13
6880,13
6900,13
6910,12
6920,12
6980,13
7000,13
7110,13
7200,8
7510,13
7520,13
7600,2
7670,12
7830,5
7860,12
7940,12
8000,13
8080,13
8140,13
8170,5
8190,13
8400,8
8500,1
8600,4
8800,3
8850,12
8870,12
8930,3
8980,12
9010,12
9050,12
9180,7
9200,12
9219,12
9310,5
9350,5
9420,5
9450,5
9460,12
9480,13
9900,1
9940,7
10090,12
10130,12
10150,13
10180,12
10220,13
10270,3
10500,5
10680,12
11280,12
11390,4
11450,13
12100,13
12110,13
12120,13
12130,11
12140,13
12150,13
12200,13
12210,13
12220,4
12240,13
12320,13
12360,4
12500,8
12710,13
12810,13
12830,5
12900,8
13210,12
13230,12
13240,12
13250,12
13500,13
13520,12
13560,13
13570,13
13580,13
13600,13
15100,13
15120,12
15130,13
15170,3
15190,5
15210,5
15300,12
15320,5
15370,3
15390,5
15520,8
15620,5
15700,7
15710,7
15740,7
15750,13
16450,12
16720,13
16730,12
16900,5
17300,12
17330,12
17390,8
17410,12
17430,4
17440,8
17450,13
17460,13
17470,11
17480,5
17710,12
18500,8
19830,12
19900,12
19980,13
20500,12
20510,12
20530,12
20540,5
20550,12
20570,5
20900,13
20920,13
21000,8
21090,11
21100,12
21130,8
21690,11
21980,12
22000,10
22100,13
22120,11
22180,11
22200,10
22230,8
22300,13
22310,12
22320,13
22330,13
22340,11
22350,1
22370,13
22380,12
22450,13
22600,8
22610,8
23310,3
23490,2
23530,12
24010,4
24240,12
24420,7
24670,4
24720,6
24740,4
24780,2
24790,5
24800,5
24810,5
24840,5
24870,4
24960,5
24980,13
25000,8
25800,5
25830,5
25890,5
25900,3
26800,7
27000,10
28000,13
29800,13
31270,10
31280,8
31290,10
32360,10
32370,13
32380,12
32390,12
32400,12
32430,13
32440,8
32460,10
32469,10
32470,5
32500,13
32510,8
32800,13
33100,12
33120,12
33230,13
33320,13
33460,2
33680,7
33900,5
33930,5
34010,13
34030,5
34190,8
34270,7
34330,5
34830,12
34870,12
34900,8
35000,7
35130,7
35140,13
35450,5
35460,12
35700,7
35720,7
37000,11
37600,10
38400,3
38410,3
38420,3
38600,8
38700,7
38720,8
38740,7
39120,1
39140,3
39160,13
39190,13
39200,13
39500,13
39510,13
39540,13
39670,12
39680,2
39690,13
39800,8
40100,5
40300,13
40380,8
40390,13
40400,5
40700,10
40720,10
40800,7
40950,2
40960,2
40970,2
41000,12
41050,12
41060,12
41070,12
41300,8
41500,13
41700,12
41900,13
42120,13
42170,13
42670,12
42680,12
42700,12
42910,8
42960,5
42990,3
44340,5
44350,4
45100,8
45400,8
45700,13
45740,6
45760,8
45770,11
46500,10
46510,10
46560,5
47000,10
47400,2
47780,11
47790,12
47800,3
47870,4
47890,8
47920,4
48000,7
48110,5
48190,13
48220,3
48240,2
48700,13
48705,5
48720,13
48800,4
49470,3
49520,12
49540,12
49600,8
50130,13
50300,13
50620,13
55040,8
55110,12
55140,4
55150,13
55230,13
56400,5
56437,5
57300,11
57400,13
57640,10
57690,2
57740,3
57900,12
58520,3
58610,5
61700,3
62100,8
63200,8
63380,5
63700,8
63710,7
63910,3
63940,5
63950,5
64000,5
65300,7
65540,13
65740,5
65790,5
65800,13
65930,13
65980,3
67370,12
70000,1
70300,7
70400,9
70420,13
70600,8
71230,4
71250,7
71260,8
71340,7
72200,8
72730,11
72740,13
72750,13
72760,13
72771,13
72850,13
73010,2
73020,5
73170,5
78000,8
80310,10
80330,10
91100,8
91200,8
91330,5
91600,12
91700,12
91900,8
92000,13
92100,8
92300,7
92800,8
93200,8
94200,8
94300,10
94400,8
95300,7
95400,7
96000,10
96100,7
97000,8
97100,12
97330,3
98200,3
98300,8
98400,12
98800,0
99300,8
102500,13
102600,13
102840,7
104200,7
104900,1
105000,10
105450,5
105600,6
107100,13
107200,6
107300,3
107310,3
107410,5
107600,8
107800,7
108200,3
108600,6
108710,11
108800,12
110800,10
113020,8
113200,0
113204,0
115100,3
115110,10
115120,8
115300,12
115800,7
200010,8
200170,8
200260,13
200510,3
200710,13
200900,7
200910,8
200940,7
201270,5
201290,5
201310,2
201330,13
201420,7
201480,3
201510,11
201790,13
201810,12
201830,11
201870,13
202170,13
202200,3
202310,4
202530,7
202570,13
202710,13
202750,11
202970,12
203140,13
203160,13
203210,8
203350,3
203510,7
203630,3
203650,7
203680,8
203750,13
203770,5
203810,10
203830,10
204030,13
204060,10
204100,13
204120,13
204180,8
204240,7
204300,7
204340,12
204360,7
204450,12
204530,5
204630,8
204880,5
205100,13
205610,2
205650,10
205840,10
205910,7
205950,7
205990,3
206190,7
206420,13
206440,10
207080,8
207140,8
207170,13
207320,13
207350,13
207490,7
207610,10
207620,10
207690,10
207750,8
207815,12
208140,3
208200,11
208400,3
208480,13
208500,4
208520,3
208580,13
208650,13
208730,13
208750,7
209000,13
209080,1
209120,8
209160,12
209370,9
209650,12
209670,8
209830,11
210770,12
210970,10
211050,3
211070,3
211160,13
211260,7
211340,9
211400,7
211420,13
211500,4
211600,13
211720,13
211740,13
211820,6
212010,13
212030,8
212480,8
212630,12
212680,0
213330,8
213610,7
213670,3
213850,3
214170,13
214190,1
214250,11
214340,10
214360,8
214420,1
214490,11
214510,8
214560,7
214590,7
214700,10
214730,3
214770,7
214790,7
214830,7
214870,12
214931,12
214932,12
214950,5
214970,7
215160,10
215280,1
215470,1
215510,7
215530,13
215670,10
215930,3
216110,8
216890,3
216910,13
217100,12
217140,12
217200,7
217690,10
217920,12
218060,7
218090,5
218230,1
218410,8
218550,12
218620,12
218640,11
218680,7
218820,7
219150,8
219640,1
219680,10
219740,6
219780,13
219830,7
219890,10
219910,10
219990,13
220090,10
220160,8
220200,6
220240,12
220260,4
220440,13
220460,0
220660,5
220700,8
220740,10
220760,6
220780,10
220820,11
220860,10
221020,2
221040,11
221100,1
221260,10
221540,5
221640,8
221680,8
221810,7
221910,10
222420,8
222440,8
222480,11
222640,3
222730,2
222750,5
222880,1
222940,8
222980,0
223100,12
223220,7
223330,13
223410,1
223470,12
223490,6
223510,6
223810,13
223830,3
223850,8
224260,1
224440,2
224460,10
224480,8
224500,2
224540,1
224600,1
224740,2
224760,7
224820,0
224920,13
224960,7
225020,13
225080,10
225160,12
225260,13
225300,7
225320,13
225340,3
225360,13
225420,2
225540,13
225600,13
225640,13
226100,7
226560,11
226580,4
226620,0
226700,1
226720,13
226740,10
226840,3
226860,3
226880,13
227000,10
227080,10
227100,11
227160,6
227180,1
227200,7
227220,13
227260,8
227300,4
227310,4
227480,13
227580,0
227600,7
227780,12
227860,6
227940,5
228180,8
228200,5
228260,3
228280,13
228300,13
228360,10
228380,4
228400,8
228760,4
229480,7
229580,10
229870,12
230050,7
230070,3
230190,2
230230,3
230270,7
230290,8
230410,1
230700,7
230820,10
230840,11
231140,2
231160,7
231200,10
231330,12
231430,5
231740,8
232010,4
232050,3
232090,11
232430,10
232750,13
232770,11
232790,10
232810,2
232890,2
232910,4
233130,12
233150,8
233190,7
233230,10
233270,12
233290,10
233370,10
233450,2
233470,7
233550,7
233610,8
233700,0
233720,8
233740,0
233840,8
233860,2
233980,7
234140,4
234190,12
234270,10
234390,0
234630,4
234650,3
234670,13
234710,8
235210,7
235250,8
235320,5
235360,8
235380,5
235540,13
235580,3
235600,12
235800,8
236090,7
236110,1
236150,6
236370,12
236390,5
236430,13
236450,8
236510,12
236690,3
236850,5
236870,13
237430,3
237740,7
237850,10
237870,6
237890,3
237930,3
237990,3
238010,12
238090,12
238210,12
238240,6
238280,0
238320,11
238370,13
238430,11
238460,7
238750,3
239030,10
239070,0
239140,11
239160,13
239200,11
239350,0
239430,8
239800,7
239840,3
240440,10
240600,4
240720,11
240760,3
241240,8
241260,10
241280,13
241410,8
241540,6
241560,4
241600,0
241720,12
241910,10
241930,13
242050,13
242570,3
242640,13
242680,0
242700,8
242760,6
242820,7
242840,13
242860,5
242880,12
242920,2
243040,2
243120,11
243200,10
243450,4
243470,13
243800,4
243930,13
243970,0
244030,6
244160,5
244210,4
244430,10
244450,5
244710,10
244730,8
244770,6
244850,6
244870,7
244910,10
244930,4
245170,8
245280,13
245390,10
245470,2
245490,8
245620,2
246090,2
246110,3
246420,8
246580,12
246620,8
246700,12
246760,3
246840,13
246900,8
247000,3
247020,8
247080,0
247140,8
247240,7
247430,13
247660,10
247730,6
247910,11
247950,13
248310,7
248390,2
248610,5
248630,1
248800,10
248820,0
248860,3
249050,0
249130,8
249230,13
249330,8
249590,7
249630,0
249650,3
249680,13
249870,8
249990,8
250050,7
250110,8
250180,7
250260,10
250320,10
250340,12
250380,11
250400,11
250500,0
250520,3
250560,13
250580,0
250620,11
250680,0
250700,7
250760,7
250900,0
251060,5
251110,10
251150,3
251170,11
251270,9
251290,3
251470,7
251570,6
251630,7
251730,13
251870,9
251990,9
252030,7
252110,8
252250,2
252330,11
252350,7
252410,7
252450,3
252470,6
252490,6
252530,4
252550,10
252610,0
252630,0
252670,7
252690,8
252870,6
252950,8
253030,8
253110,10
253190,5
253230,7
253250,2
253290,8
253330,11
253430,6
253650,8
253710,1
253750,8
253770,4
253840,7
253900,2
253920,3
253980,13
254200,6
254320,0
254440,8
254460,11
254700,11
254960,3
255070,0
255220,4
255280,10
255300,10
255320,10
255390,7
255420,3
255520,12
255710,2
256190,5
256290,7
256330,4
256370,4
257030,8
257050,6
257170,2
257350,13
257510,10
257690,10
257750,7
257850,13
257990,7
258010,8
258050,6
258180,12
258520,10
258760,4
258970,13
259060,3
259380,12
259381,12
259530,7
259550,10
259570,6
259680,0
259740,10
259780,8
259800,8
260190,13
260210,13
260230,7
260730,5
260750,10
261030,10
261110,13
261180,8
261470,5
261530,10
261570,7
261640,12
261700,7
261760,13
262000,10
262060,0
262120,8
262150,9
262260,7
262280,2
262390,7
262550,7
262790,0
262830,8
262940,10
262960,7
263060,1
263100,10
263200,6
263280,4
263300,8
263620,13
263740,8
263760,4
263980,7
264140,6
264200,8
264240,12
264300,8
264710,6
264730,7
265210,11
265330,10
265550,11
265590,5
265610,3
265630,1
265690,10
265750,1
265890,10
265930,8
266010,8
266130,3
266210,0
266310,8
266490,10
266510,0
267380,12
267381,8
267490,7
267530,8
267600,9
267750,3
268050,11
268130,0
268400,5
268500,3
268540,10
268650,6
268750,0
268870,5
268910,7
269030,10
269050,10
269170,8
269190,3
269210,0
269270,7
269310,0
269490,0
269650,7
269670,7
269730,8
269770,13
269790,11
269950,4
270130,10
270150,5
270210,7
270450,8
270550,8
270630,10
270850,4
270880,4
270910,8
271240,2
271260,6
271500,12
271590,13
271820,8
271900,10
272040,8
272230,1
272270,3
272470,13
272510,13
272600,10
273300,11
273350,1
273500,8
274170,8
274190,7
274230,7
274270,7
274290,10
274310,9
274350,10
274500,8
274520,0
274560,8
274900,1
274920,8
274940,11
274980,8
275100,10
275200,7
275390,7
275530,8
275610,13
275670,8
275850,6
276810,3
277430,8
277450,5
277590,13
277890,7
277930,6
278080,13
278360,10
278890,7
278910,3
280160,13
280180,7
280220,8
280520,6
280740,12
280790,6
281220,7
281370,10
281610,5
281640,3
281920,8
281940,7
281990,5
282070,7
282140,11
282210,3
282400,2
282440,12
282470,6
282560,2
282590,5
282760,8
282800,8
283160,12
283290,11
283640,7
283680,8
284160,4
284390,10
284460,7
284750,10
284770,10
284850,10
285110,2
285160,13
285190,5
285310,2
285330,2
285380,4
285440,8
285500,4
285740,9
285800,3
285900,8
285920,6
286000,8
286040,11
286160,8
286260,9
286340,6
286570,4
286690,11
287020,10
287260,8
287290,11
287340,4
287390,11
287630,10
287700,13
287980,8
288060,10
288140,8
288160,10
288470,13
289070,5
289090,8
289130,3
289300,5
289520,3
289650,13
289690,13
289930,2
289950,2
290080,6
290300,6
290340,3
290770,10
290790,5
290890,0
291010,11
291480,1
291550,8
291650,13
291860,3
292030,13
292120,3
292140,13
292180,4
292410,4
292730,12
292910,10
292930,10
293180,12
293320,10
293760,2
293780,0
294100,6
294140,10
294810,8
294860,3
295110,6
295690,8
295790,7
295950,1
296070,10
296240,2
296300,1
296470,8
296490,8
296570,3
296710,0
296770,8
296830,11
296870,7
296910,7
296970,3
297000,3
297110,8
297120,0
297130,0
297860,8
298030,5
298050,3
298110,12
298520,7
298600,7
298610,6
298630,6
298900,12
299030,12
299360,1
299460,7
299480,0
299680,10
299720,8
299740,6
299950,10
300060,11
300380,8
300550,3
300570,8
301190,8
301200,8
301520,6
301640,11
301650,12
301860,10
301910,13
301970,8
302080,4
302250,12
302270,13
302510,13
302610,8
302670,5
302710,8
302790,7
302830,1
303210,10
303310,10
303390,12
303610,10
303790,3
303800,3
304050,6
304212,4
304214,4
304240,11
304390,13
304410,8
304430,10
304530,13
304650,0
304730,2
304930,1
305050,7
305380,12
305620,6
305940,2
305960,6
306020,8
306040,7
306130,13
306460,1
306660,5
306760,10
307050,9
307110,0
307230,8
307580,10
307670,3
307690,13
307780,8
307880,6
307960,5
308420,0
310060,3
310080,9
310360,10
310470,2
310510,13
310560,4
310790,8
310890,5
310950,8
311190,7
311210,12
311240,10
311260,2
311290,13
311310,1
311560,13
311690,0
311730,8
311870,8
312200,7
312210,6
312370,3
312520,7
312530,7
312610,7
312660,12
312670,11
312780,13
312840,10
313010,2
313020,10
313120,6
313160,4
313340,8
313480,5
313500,5
313630,11
313690,8
313740,9
313780,10
314020,10
314070,8
314160,5
314230,6
314410,0
314450,8
314520,4
314650,6
314660,7
314710,7
314790,10
314810,10
314830,3
314980,5
315430,12
315460,6
315660,4
315810,9
316010,3
316410,12
316430,5
316720,10
316790,10
316930,8
317250,7
317510,8
317620,3
317820,0
318020,5
318100,1
318130,3
318220,4
318230,0
318430,7
318530,7
318600,0
319050,3
319140,7
319480,7
319510,11
319550,8
319630,10
319910,7
320030,12
320040,0
320140,4
320240,11
320300,4
320340,2
320760,9
320820,7
321270,11
321300,13
321360,1
321800,13
321960,3
322110,0
322170,7
322190,3
322210,7
322300,6
322330,6
322500,12
322520,13
322770,13
322780,6
322910,3
322920,6
323060,3
323190,2
323220,0
323320,7
323380,10
323470,13
323500,12
323580,13
323720,10
323850,8
324080,6
324160,9
324310,4
324510,6
324570,12
324680,5
324800,12
324810,1
325120,10
325420,4
325610,5
325723,11
325724,11
326150,0
326160,6
326180,10
326190,10
326340,8
326410,13
326460,1
326480,9
326670,3
327030,8
327070,6
327090,6
327220,10
327410,10
327510,0
327560,11
327670,0
327860,6
327890,8
328070,12
328080,2
328760,0
329050,13
329130,6
329430,6
329440,7
329490,7
329830,10
329860,8
330020,0
330070,8
330350,7
330390,3
330580,11
330830,10
330840,10
331200,8
331440,0
331470,9
331480,7
331500,5
331600,13
331670,8
331690,7
331870,10
331900,12
332200,7
332350,5
332500,6
332570,8
332800,11
333250,9
333300,0
333420,5
333600,9
333640,0
333930,1
333950,6
333980,9
334040,1
334120,10
334230,8
334420,0
334540,8
334940,7
335000,10
335030,5
335300,13
335620,3
335670,7
336140,10
337000,12
337150,8
337320,8
337340,10
337661,12
338170,12
338390,13
339200,13
339230,11
339340,11
339350,9
339400,0
339580,13
339800,9
340050,6
340070,8
340150,2
340170,13
340490,0
340520,0
340730,9
341000,2
341310,10
341500,7
341800,8
341940,11
342180,11
342300,7
342310,5
342380,9
342560,5
342580,2
342640,8
342940,6
343440,4
343464,5
343710,11
343780,8
343860,10
344040,6
344240,13
344450,6
344740,0
344760,6
344770,9
344850,2
344910,8
345260,5
345350,13
345390,10
345610,9
345660,4
345820,7
346010,8
346110,6
346180,7
346560,10
346730,13
346900,8
346940,3
347430,10
347560,13
347620,9
348040,6
348090,12
348470,13
348550,8
348670,6
349040,13
349500,10
349830,13
350070,7
350080,12
350640,10
350740,7
351100,6
351290,6
351490,8
351700,6
351890,12
351920,8
351970,13
351990,4
352400,8
352460,11
352520,10
352550,2
352720,2
352950,6
353330,9
353370,8
353380,1
353550,10
353560,10
353640,2
353700,8
353830,3
354140,11
354240,10
354380,7
354830,12
355050,8
355150,7
355790,13
355880,13
355980,8
356040,6
356050,10
356190,13
356400,8
356500,5
356570,8
356650,7
357070,8
357190,8
357290,11
357310,5
357330,0
357380,8
357770,6
357780,8
358090,10
358130,0
358150,12
358470,10
358750,9
359050,8
359230,2
359310,7
359320,6
359550,1
359870,3
359900,13
360150,11
360170,6
360380,8
360430,13
360640,10
360650,8
360740,0
360830,7
360940,12
360960,12
361280,2
361300,7
361420,6
361550,10
361800,6
361990,11
362490,13
362620,2
362680,10
362890,12
362930,8
362960,13
363130,13
363150,5
363360,6
363440,7
363600,2
363680,5
363890,9
363930,0
363970,8
364360,5
364390,10
364420,0
364930,8
365160,10
365360,3
365450,8
365590,1
365810,5
365960,4
366090,6
366220,6
366250,7
366320,7
366440,1
366660,12
366843,12
366910,0
367270,12
367450,6
367500,13
367520,7
367570,8
367580,10
367600,3
367670,8
368070,12
368230,0
368340,7
368360,8
368370,10
368390,10
368430,10
368500,13
368620,7
368650,10
368730,7
368860,1
368990,10
369070,7
369150,2
369580,8
369990,3
370020,3
370240,8
370280,9
370360,8
370510,7
370910,10
371200,3
371420,4
371520,2
371660,6
371670,7
371970,0
372360,13
373180,7
373390,10
373420,3
373770,10
373930,5
374030,10
374040,6
374280,1
374300,12
374301,12
374320,13
375200,9
375230,1
375480,0
375510,11
375530,3
375820,8
375900,8
375910,2
376210,6
376300,8
376870,8
377160,13
377530,3
377840,3
377860,8
377900,2
378540,13
378610,10
378646,13
378648,13
378649,13
378660,10
378720,3
378860,4
379210,6
379310,10
379430,13
379720,12
379980,9
380020,13
380150,10
380220,12
381020,0
381120,2
381210,11
381780,10
382110,8
382140,0
382310,6
382560,7
383120,6
383150,11
383180,11
383230,0
383580,6
383870,10
383980,8
384020,12
384021,12
384110,11
384190,10
384300,8
384360,10
384490,0
384630,10
384740,10
385240,8
385380,6
385710,7
385730,8
385760,8
385800,9
385970,13
386070,5
386260,6
386360,1
386480,9
386590,6
386620,8
386880,11
386940,7
387290,7
387440,1
387990,6
388060,6
388080,8
388090,11
388210,10
388320,10
388410,13
388470,4
388474,8
388475,4
388477,4
388750,8
388800,7
388880,10
389040,1
389140,8
389510,8
389730,8
390340,12
390520,7
391040,4
391070,8
391220,13
391260,3
391420,7
391540,10
391570,8
391680,8
391720,10
391730,6
392110,5
392160,6
392580,5
393010,6
393080,12
393380,1
393420,6
393430,8
393520,7
394230,1
394310,8
394360,5
394450,3
394510,8
394690,1
394760,12
394870,8
394970,7
395170,10
395180,12
395200,7
396160,8
396480,0
396650,9
396750,0
396790,10
396900,8
397060,3
397270,9
397340,4
397460,8
397740,10
397950,7
398710,8
398850,13
399120,12
399670,2
399790,3
399810,11
399820,8
400170,13
400180,0
400551,13
400630,7
400910,7
400940,12
401190,12
401650,12
401680,11
401920,0
402020,10
402130,4
402180,9
402330,8
402570,3
402620,9
402710,6
403120,3
403190,2
403640,13
403970,13
404010,5
404011,8
404012,5
404013,13
404540,8
404590,13
404620,8
404680,7
405010,11
405170,4
405310,8
405640,10
405710,6
405820,12
405830,12
405900,3
406150,7
406210,8
406290,3
406350,4
406970,10
407230,3
407300,11
407310,9
407330,9
407530,6
407560,0
407810,12
407840,12
408280,10
408410,8
408520,10
408740,8
408990,6
409100,7
409590,6
409660,7
409710,12
409720,12
410110,8
410210,4
410320,8
410340,4
410670,8
410710,12
410850,13
410900,5
411300,13
411370,8
411560,7
411830,9
411960,7
412020,11
412450,6
412740,8
412830,9
412880,4
413150,6
413410,10
413420,10
413710,13
414340,13
414700,11
414740,12
414870,8
415200,4
415420,7
415590,12
415880,8
416210,2
416590,11
416600,7
416680,7
416770,8
417290,13
417461,8
417464,8
417880,10
418030,6
418040,10
418070,7
418180,13
418190,10
418240,5
418340,13
418370,11
418460,5
418650,12
419460,10
419480,6
420000,8
420110,9
420290,1
420440,5
420530,10
420610,2
420740,10
420930,6
421020,4
421040,8
421050,10
421120,10
421170,7
422400,12
422810,7
422900,5
422970,12
423230,13
423580,2
424030,5
424370,13
424840,11
425210,13
425220,8
425580,10
426000,9
426790,7
427030,13
427100,4
427190,11
427250,5
427290,11
427520,2
427730,8
427760,8
427820,3
427880,11
428370,13
428550,7
428660,10
428690,8
428900,8
429050,6
429470,10
429570,11
429620,3
429660,9
429720,11
429780,8
430210,8
430960,9
431180,6
431240,8
431600,4
431650,10
431730,8
431960,8
432010,9
432100,9
432350,3
433080,5
433090,5
433100,10
433170,11
433340,8
433530,5
433550,11
433730,8
433850,1
433910,8
433950,8
434030,4
434050,12
434170,8
434250,12
434260,8
434420,9
434460,8
434570,11
434650,0
434730,11
435120,10
435150,3
435400,10
435530,7
435881,6
436320,12
436520,1
436560,1
436670,3
437220,1
437570,0
437700,13
437920,8
438270,9
438480,8
438490,13
438640,13
438690,4
438740,11
439190,13
439340,2
439700,1
440630,12
440650,8
440730,12
440760,8
440880,10
440900,6
441340,6
441600,12
441790,6
441830,3
441870,8
442010,13
442500,8
442780,0
443810,9
444090,1
444200,1
445190,3
445220,6
445980,0
446020,4
446390,9
446560,8
446790,13
446800,2
447020,4
447040,13
447120,10
447150,8
447290,8
447530,9
447820,5
448280,8
448370,12
448510,8
448780,9
448850,12
449540,8
449680,8
449960,13
450540,12
451020,3
451340,2
451520,8
451760,9
451840,12
452060,0
452440,9
452510,8
452570,7
453090,2
453340,9
454060,2
454350,5
454650,13
455040,13
455400,8
455820,13
455910,8
455980,2
456670,0
456750,10
457140,2
457197,4
457210,7
457680,10
457730,5
457760,12
457860,8
457960,8
458710,8
459220,5
460430,9
460790,13
460810,13
460920,4
460930,1
460950,7
461244,4
461249,4
461430,4
461620,2
461640,9
461840,10
461870,4
461950,10
462770,13
462780,13
463150,7
463210,8
463270,7
463530,2
463740,4
464060,13
464340,10
464350,2
464360,6
464920,2
465240,12
465490,3
466110,8
466130,11
466240,11
466300,13
466500,11
466560,2
466860,2
467520,5
467960,0
468410,12
468920,4
469600,1
469610,8
469820,9
469920,8
470220,8
470260,10
470310,3
471010,13
471550,13
473690,1
474210,7
474750,8
474960,13
475150,13
475190,10
475550,10
476360,12
476600,12
476620,12
477160,8
477270,8
477730,3
477740,10
477770,4
477870,9
480430,11
480490,11
480630,6
480631,12
481110,10
481510,10
482300,10
482730,8
483420,10
483980,10
484900,2
484950,9
485040,9
485380,11
485460,3
485510,13
485890,8
485980,5
486310,8
486690,3
486780,8
487000,13
487120,6
487430,9
487720,11
488310,8
488790,8
489360,11
489520,8
489630,3
489830,13
489940,1
490650,12
490920,5
491040,8
491530,4
491950,10
492720,2
493200,10
493340,2
493490,4
493840,8
493900,2
494150,8
494230,8
494430,13
494840,5
495140,8
495280,3
495560,2
495890,7
495990,9
496240,5
496300,0
496460,2
496890,10
497180,4
498240,10
499440,10
499520,10
499660,5
500260,11
500710,6
500810,3
501080,8
501300,10
501590,12
502280,9
502370,3
502500,8
502520,5
502800,9
502820,8
502940,8
503300,9
503350,11
503560,8
503580,11
503940,2
504050,6
504130,8
504210,8
504230,7
504370,1
504770,8
505040,8
505170,4
505230,11
505460,5
506500,8
506610,11
506800,5
506970,13
506971,13
507010,8
507490,5
508190,9
508440,8
508600,8
508900,10
508980,4
509220,8
509250,8
509580,3
509980,11
510420,10
510510,8
511470,10
511680,9
511740,9
512032,5
512033,5
512034,5
512250,8
512540,6
512790,10
512900,0
513230,7
513510,8
513710,1
514310,9
514900,11
515040,8
515180,4
515191,2
515220,4
516750,4
517130,8
517630,12
517710,4
518030,12
518150,12
518790,12
519190,6
519860,12
520010,4
520440,8
520720,10
521150,2
521890,11
522470,10
523000,9
523210,10
523650,11
523780,9
524220,13
524580,9
525360,7
525480,13
525510,7
526160,6
526740,8
527100,8
527230,3
527270,9
527280,9
527340,12
527430,13
527450,11
528230,0
528610,7
529180,6
530070,4
530320,7
530620,11
530710,11
530711,11
530760,5
530890,7
531130,4
531131,4
531510,8
532110,10
532210,10
533300,10
534331,13
534370,2
534550,7
535230,5
535480,7
535930,2
536220,10
537110,10
537340,8
537800,0
538070,10
538100,6
538680,9
539470,8
539720,8
540610,9
540810,6
540840,7
541210,5
541300,6
541570,10
542050,7
543140,8
543260,7
543460,11
543900,11
544330,7
544550,6
544610,3
544750,13
544920,1
545270,8
546050,8
546430,3
547410,4
547502,2
547860,6
548430,12
548570,12
550010,8
550080,9
550840,0
551110,8
551730,13
551770,10
552100,4
552280,9
552500,13
552520,12
552590,10
552620,3
552700,3
552920,4
553210,3
553260,5
553280,5
553310,8
553640,7
553790,9
554381,11
554510,8
554620,10
555150,10
555160,12
555210,9
555220,10
555440,1
555570,1
555880,12
555950,9
556820,3
557340,7
557600,10
558100,1
558244,4
558245,4
558420,10
558990,8
559100,3
559210,10
559610,9
559650,1
560130,13
560260,7
562220,10
562360,8
562410,9
562500,5
562590,6
562810,8
562860,12
563840,10
564050,8
564230,8
564310,12
564530,2
564710,3
566090,3
566160,10
566860,0
567290,8
567380,10
568090,11
568220,0
568570,6
569480,2
569860,10
570460,8
570660,0
570770,13
570780,3
570940,13
571260,8
571310,7
571530,9
571710,8
571740,8
571880,9
572410,5
572430,8
573090,6
573100,5
574080,1
574090,0
574720,2
574760,2
574980,8
575550,9
575640,10
576770,3
577230,3
577800,8
577940,8
578080,1
578310,1
578330,8
578620,8
578850,8
579180,13
579950,10
580100,8
580170,8
580200,6
580600,9
581270,10
581320,1
581450,11
581630,12
582010,13
582160,13
582270,8
582500,11
582550,8
582600,11
583470,7
583760,8
583950,3
584140,5
584400,7
584980,10
585410,8
585420,4
585450,13
585550,8
585690,7
585840,10
585900,9
586140,8
586200,8
587000,5
587220,8
587260,13
587430,8
587450,6
588040,10
588210,6
588650,0
588690,8
588950,0
588970,10
589290,5
589360,13
589590,10
589780,10
590380,3
591370,2
591420,10
591460,2
591630,7
592260,8
592580,8
593200,9
593280,13
593380,3
593600,6
594330,11
594570,5
594591,8
594650,1
595140,0
595280,8
595520,13
595690,6
596970,0
597170,8
597220,3
597760,11
598330,2
598700,7
598960,2
599080,11
599140,2
599460,8
599750,5
600370,10
600480,2
601050,13
601150,13
601430,11
601670,5
602320,2
602520,9
602960,11
603260,8
603850,5
603960,0
604240,12
604330,10
604450,10
604490,7
605450,0
605740,4
606150,0
606230,3
606280,13
606500,11
606800,2
606880,13
607050,3
607880,9
607890,9
609150,13
609320,10
609490,0
610360,10
610960,0
611500,12
611660,12
611670,13
611790,9
611980,10
612070,11
612470,8
612880,12
612930,8
613100,2
613730,8
613830,3
614570,13
615610,8
616110,8
616250,9
616560,6
616720,8
617160,11
617290,13
617480,3
617670,10
617830,12
617870,5
618740,8
619080,1
619150,8
619290,8
619780,0
619880,12
620590,5
620610,4
620980,8
621060,2
621830,4
622220,9
622650,11
622661,11
622720,2
623080,9
623880,4
623940,10
624270,10
625340,1
626610,4
626690,9
627270,8
627510,11
628070,5
629520,8
629730,13
629760,1
629840,11
629910,8
631510,13
632070,10
632300,6
632350,9
632360,0
632470,13
633060,10
633230,1
633360,11
633460,5
634160,8
635200,0
635260,4
635320,10
635730,9
636100,8
636150,8
636450,8
636480,5
637090,3
637100,7
637650,13
637670,13
638650,13
638970,9
639170,8
640820,13
641080,4
641320,2
641960,8
641990,8
642090,9
642280,13
642750,5
644290,6
644560,9
644830,13
644930,2
645090,10
645402,3
645630,4
646200,11
646270,8
646570,0
646910,4
647830,8
647960,5
648350,2
648800,6
650000,12
650500,12
650760,8
653530,10
654880,9
654990,8
656200,8
656240,6
656350,0
657200,8
658560,10
658570,4
658850,10
658980,6
661790,11
662960,9
663380,3
663390,3
664180,10
664430,8
665090,9
665180,9
665360,8
666020,9
666140,6
667600,8
667720,13
667970,8
668630,9
670160,11
671440,2
671510,11
672630,2
673000,12
673130,12
673610,2
673880,3
673950,8
674020,1
674520,7
674750,8
674940,8
675010,4
675260,10
675290,4
676820,10
677120,0
677160,11
678900,4
678950,8
678960,13
679260,4
679900,8
680320,9
680360,7
680980,10
681280,8
681660,1
682130,8
683320,10
684410,8
684580,6
684630,4
686190,9
686200,8
686260,5
686810,5
687260,10
687920,9
688130,0
688420,0
688470,6
690530,11
690640,7
690790,4
690830,2
691690,3
692850,7
694880,5
695630,13
695920,9
696170,9
696370,1
696680,6
697550,6
698640,0
699170,3
700030,6
700280,11
700282,11
701160,8
702050,9
702350,5
702670,10
702890,8
703080,2
703700,9
704210,4
704270,12
704450,13
704850,8
705120,8
706020,6
707010,1
707030,12
708770,6
711660,10
711990,9
712050,9
712100,5
712640,6
712730,10
712840,9
714120,10
715560,10
716490,8
716670,5
716710,8
717250,9
717640,8
718560,3
718590,0
718650,2
718670,8
718850,3
719890,6
720250,11
720280,9
722060,3
722730,0
722960,11
723390,11
724970,3
725480,8
726990,9
727130,6
728530,3
728540,1
728740,12
728880,8
729040,12
730310,13
730820,10
731490,7
731620,11
732370,0
732430,4
732690,11
733790,8
733990,8
735730,8
736190,9
736220,5
736260,8
736850,10
737800,4
738520,6
738530,8
738540,13
739000,9
740200,13
740260,9
741260,8
741350,13
741670,5
742120,3
742300,7
743390,10
743450,9
743640,8
743890,7
744060,8
744190,10
744840,12
745880,8
746580,8
746930,1
747340,11
747350,8
748360,8
748370,1
748490,3
750031,6
750050,4
750381,11
750920,13
751440,9
751780,6
752590,13
753420,0
755790,1
756660,5
758190,3
758230,9
758330,13
758370,3
758420,8
759740,4
759940,8
760060,3
761620,10
761890,1
762650,2
763780,13
763820,12
764050,1
764790,7
764920,6
765410,11
766280,10
766370,1
770240,8
770390,10
771300,13
772540,1
773951,5
774171,9
774241,13
774361,7
774811,10
774861,8
775940,5
776490,9
779290,10
779340,5
779640,9
780290,3
783170,13
784150,2
785260,8
785740,3
786520,8
787340,7
787480,10
787860,4
788260,1
789760,9
790740,10
790820,3
791330,9
792100,8
792300,11
793350,8
793370,10
794260,13
795630,8
799070,10
799640,7
800270,3
800370,4
801630,8
802870,9
803600,3
803980,5
805550,4
805940,1
807120,0
808910,8
809140,2
810670,9
812040,0
812140,13
813630,7
813780,5
814370,7
814380,13
814540,9
815370,6
815460,5
815780,8
816020,13
816090,12
816340,8
817130,8
817510,7
817540,13
819500,1
820770,9
821250,2
823130,1
823950,6
824270,12
825310,8
825630,10
828070,9
828790,13
829590,6
831560,13
831980,8
833040,9
834530,13
834740,5
834910,6
835570,1
835670,3
836480,8
836640,9
838310,7
838350,0
838380,9
839630,6
840010,6
840140,1
840800,6
841370,8
841770,0
843380,1
844590,10
844850,0
844930,9
845880,8
846470,7
847370,13
848350,10
848450,6
850000,9
850010,5
851100,7
851800,8
853360,5
853550,8
853770,12
855860,7
857980,0
858210,0
858590,1
858810,2
859570,11
859580,2
860890,2
860950,7
861540,0
861650,8
863550,13
863570,9
865360,11
865670,0
866800,11
867290,2
868360,2
868520,12
870200,6
871530,5
872790,8
873190,9
873240,9
873940,0
874310,11
877200,12
878380,1
879160,1
880940,8
880950,9
881100,0
882790,13
882960,8
883150,13
883710,11
884260,8
886960,9
887380,6
888770,1
888790,9
889510,9
892420,8
893030,8
893180,9
893520,1
893680,12
896160,5
897670,13
897820,8
899440,13
899770,13
899970,9
900270,7
905940,9
907270,8
907370,9
907470,10
909510,3
910490,13
911400,13
914260,1
914620,11
914710,8
915460,1
916440,2
916730,7
916930,12
919370,0
919640,5
920690,6
921390,8
921570,3
921630,8
925580,4
925750,11
927250,13
927380,13
928600,4
929010,8
931500,13
934780,4
935270,8
935880,10
937170,9
937891,13
938220,8
939400,9
939510,1
939520,13
939600,9
939850,11
939960,12
940220,7
940910,7
942970,10
944290,5
945360,8
947300,8
947510,3
948740,10
951000,9
951440,6
952040,8
952860,3
953580,4
954740,12
955050,12
955900,6
957790,1
960090,8
962730,8
963710,11
963930,12
965220,13
965230,8
966330,10
967050,11
967250,9
970570,9
971680,7
971790,11
973580,12
973760,13
976310,8
976800,1
977950,8
979120,2
980300,8
982730,12
989690,2
990650,1
991780,1
992300,9
992640,13
994220,3
994280,13
994730,9
995460,9
996380,2
996470,8
996580,7
998930,9
1000080,0
1002560,9
1007040,8
1008710,9
1010750,12
1012840,10
1012880,8
1015500,8
1016600,0
1016800,11
1016920,8
1017900,5
1021790,5
1026680,3
1029890,10
1031480,8
1032790,3
1033060,13
1038740,9
1042220,5
1042550,3
1042780,13
1046030,8
1047440,9
1048540,7
1049320,7
1051200,7
1053680,11
1054800,0
1055540,10
1056960,12
1057680,9
1058020,12
1058430,3
1060670,9
1061090,7
1065970,8
1066260,7
1070330,8
1070580,8
1070710,8
1072562,1
1072920,8
1074320,8
1079800,8
1083210,9
1084400,9
1085660,1
1088790,5
1089270,11
1089350,8
1090150,12
1090200,12
1092660,11
1094780,1
1097580,9
1097840,13
1098340,10
1100600,8
1100930,8
1101450,9
1102310,5
1104660,7
1108320,9
1108370,8
1112790,2
1113910,1
1118200,11
1121560,9
1122050,7
1126290,9
1127400,2
1128000,6
1129220,8
1132730,13
1135280,11
1136160,2
1140440,8
1147510,9
1148650,0
1149660,9
1162520,8
1172380,13
